id,first_name,email,PhoneNumber,Country,Address
1,Dario,dmilsom0@skyrock.com,979-790-5536,Colombia,1997 Corscot Alley
2,Kerry,kbeadell1@buzzfeed.com,911-922-7223,Colombia,0 Del Sol Parkway
3,Hewie,hjiggen2@seattletimes.com,703-255-6977,Philippines,8 Cherokee Avenue
4,Dion,dmochar3@uiuc.edu,881-482-6719,Vietnam,4 Mockingbird Way
5,Tyrus,tboldock4@youku.com,849-903-3041,Thailand,2 Cordelia Pass
6,Lock,lolanda5@comcast.net,278-781-0826,Colombia,041 Iowa Crossing
7,Genni,gbrushneen6@blogger.com,156-972-8014,China,5 Farmco Trail
8,L;urette,lfabler7@wp.com,106-977-9381,Thailand,945 Towne Alley
9,Oriana,ogumb8@blogger.com,963-354-7508,Thailand,9 Norway Maple Pass
10,Brier,bsaphir9@yandex.ru,873-236-4811,Indonesia,9045 Holmberg Plaza
11,Ferdinanda,feastopea@godaddy.com,568-565-6478,Russia,96 Independence Way
12,Miller,mshippamb@columbia.edu,914-810-8939,Philippines,019 Gulseth Street
13,Karine,kharuardc@toplist.cz,845-914-3751,Russia,28 Loomis Way
14,Mahmud,mbrabenderd@ucoz.com,937-250-7442,Japan,95 Hanson Parkway
15,Blythe,bfiddlere@etsy.com,922-110-5614,Portugal,7 Maryland Street
16,Oneida,oeself@surveymonkey.com,626-490-1942,China,1 Pawling Lane
17,Laurens,lkingswoodg@tinypic.com,882-444-3189,Philippines,1489 Swallow Place
18,Pedro,pikinh@sbwire.com,332-330-4301,Russia,609 Valley Edge Alley
19,Alasdair,alivingstoni@blog.com,738-484-5025,China,4846 Northridge Center
20,Nichole,ncobbyj@engadget.com,884-571-4411,Serbia,24737 Packers Drive
21,Waldon,wcaccavellak@weebly.com,811-607-5006,Tajikistan,57 Northwestern Trail
22,Hewe,hhailesl@amazonaws.com,913-543-8972,Iran,80 Barby Trail
23,Amble,ajenikm@google.fr,864-519-1658,Brazil,9 Kings Street
24,Honey,hgallantn@opensource.org,604-647-3477,China,9734 Parkside Way
25,Brittney,bsummerleeo@examiner.com,713-321-4214,Brazil,756 Washington Parkway
26,Crichton,cdemeterp@wisc.edu,774-421-8551,Argentina,984 Barby Terrace
27,Waiter,walboneq@sphinn.com,869-452-1352,Nigeria,80 Basil Center
28,Cami,clegonr@gov.uk,895-608-6468,Indonesia,77 David Alley
29,Kial,kworrals@stumbleupon.com,494-837-6165,China,594 Northridge Lane
30,Nadine,ncorradeschit@wikia.com,139-545-9478,Portugal,80 Prentice Alley
31,Adan,acastelijnu@ft.com,312-623-4331,Indonesia,9247 Onsgard Place
32,Caryn,cfelderv@clickbank.net,651-887-5897,Colombia,69817 Sunfield Lane
33,Lenka,lgodfreyw@unc.edu,276-706-9825,Indonesia,88 Dorton Circle
34,Berkly,bmarttx@miibeian.gov.cn,605-730-9550,Philippines,00 Barnett Center
35,Pierrette,pfitzpayny@dion.ne.jp,284-587-5004,Philippines,7 Erie Street
36,Marion,mdrabblez@skype.com,965-575-6635,Czech Republic,65 Summit Alley
37,Del,dbogey10@domainmarket.com,992-178-1417,France,6888 Carey Plaza
38,Buffy,bjiracek11@ustream.tv,911-301-6658,China,03406 Bayside Terrace
39,Taite,tcarty12@vkontakte.ru,547-767-6438,Indonesia,4018 Eliot Center
40,Keriann,kclymo13@ning.com,452-576-9475,China,308 Warner Circle
41,Faydra,flimpricht14@cnbc.com,192-477-8718,Portugal,31 Graedel Alley
42,Sinclare,sfaunt15@dyndns.org,876-811-3140,Madagascar,994 Kedzie Circle
43,Blythe,bpender16@ebay.co.uk,301-145-0336,Japan,79 Division Place
44,Fredi,fwoolis17@so-net.ne.jp,253-419-2059,Peru,048 Pawling Crossing
45,Zebedee,zkyte18@so-net.ne.jp,847-621-5745,Laos,26045 Kenwood Trail
46,Florry,fsannes19@freewebs.com,657-472-1009,Brazil,74340 Milwaukee Way
47,Brit,bbruckenthal1a@princeton.edu,212-241-7483,Czech Republic,00348 East Terrace
48,Saxe,swaldocke1b@bizjournals.com,200-202-1144,Nigeria,9 Union Drive
49,Kane,kkingdom1c@opensource.org,450-854-3069,Spain,51082 Miller Crossing
50,Cammie,cpietzker1d@stanford.edu,730-179-6910,China,5 Kropf Plaza
51,Stephan,sogger1e@ucla.edu,335-101-6570,Cuba,9 Burrows Pass
52,Lita,lbennallck1f@slate.com,799-739-6886,Indonesia,0 Morrow Circle
53,Serge,sstrickett1g@illinois.edu,324-674-9205,China,06 Red Cloud Plaza
54,Stillman,swildblood1h@who.int,427-290-4387,Indonesia,69 Dixon Parkway
55,Shamus,svanderspohr1i@google.com,109-834-5966,China,71187 Katie Circle
56,Simonette,sbillam1j@nifty.com,473-587-8320,Indonesia,8 Norway Maple Crossing
57,Justen,jprint1k@storify.com,461-159-0838,Peru,8573 Sachtjen Alley
58,Lefty,lcubberley1l@people.com.cn,747-215-4129,Indonesia,9 Basil Way
59,Arnoldo,adodworth1m@mail.ru,716-600-0086,Russia,756 La Follette Lane
60,Scott,sroelofs1n@cornell.edu,661-889-9738,United States,21754 Marcy Drive
61,Julia,jcollard1o@tmall.com,451-779-6654,Tanzania,76347 Kropf Avenue
62,Sabra,sbrechin1p@bbb.org,490-952-5534,Russia,7 Farwell Pass
63,Amery,ashankland1q@g.co,995-511-6131,Mongolia,7 Truax Place
64,Clevie,cchampneys1r@youtube.com,323-715-0106,China,6846 Debra Pass
65,Patrizius,pgrouvel1s@blog.com,968-878-5153,China,6132 Forest Lane
66,Dari,derie1t@pbs.org,374-365-4543,Russia,87 Mallory Avenue
67,Shelby,sreddan1u@slashdot.org,157-315-7610,China,77 Bowman Junction
68,Desmond,dmcsperron1v@dot.gov,332-124-9412,El Salvador,08011 Claremont Junction
69,Nelly,nlabrow1w@google.cn,334-454-1234,United Kingdom,3860 Morningstar Street
70,Matelda,mmarshalleck1x@ucla.edu,838-952-8862,Indonesia,33 Havey Trail
71,Alla,akording1y@thetimes.co.uk,899-657-2066,Argentina,83 Towne Trail
72,Maurise,mgomery1z@chron.com,918-612-4438,Mongolia,9042 Hooker Drive
73,Lemmie,lbengtson20@twitter.com,886-315-1425,Sweden,7 Macpherson Hill
74,Nil,ncrusham21@techcrunch.com,464-783-3368,China,01 Kensington Court
75,Amata,avallens22@unc.edu,419-988-0891,Argentina,4 Forest Road
76,Dallon,dhauxwell23@comcast.net,264-588-7118,Thailand,5 Dwight Crossing
77,Royal,rdorking24@moonfruit.com,895-114-5875,Ukraine,45407 Mayfield Point
78,Faunie,fdubs25@github.io,899-210-7149,Canada,95161 North Crossing
79,Latashia,lmcclarence26@huffingtonpost.com,926-307-9628,Poland,6244 Drewry Point
80,Gabie,gklampt27@vkontakte.ru,482-961-3399,China,38681 Lillian Way
81,Conrado,cdarbyshire28@nih.gov,596-937-4857,Poland,2 Namekagon Parkway
82,Selene,several29@ebay.co.uk,425-723-0786,China,79 Scoville Road
83,Sarine,srosenstock2a@posterous.com,354-484-9258,Finland,64 Loomis Alley
84,Andrus,aohlsen2b@hubpages.com,760-840-9938,Indonesia,942 Sunnyside Drive
85,Clementina,cplayfair2c@joomla.org,729-863-3153,France,45 Golf View Point
86,Linell,lwelbourn2d@facebook.com,495-513-4891,Botswana,001 Redwing Pass
87,Aloin,achess2e@etsy.com,427-290-3089,Portugal,56930 Elmside Alley
88,Wendy,wpriddey2f@imageshack.us,320-872-1971,Portugal,013 Buhler Trail
89,Myrna,mlangtree2g@example.com,592-318-4095,Indonesia,6 Melby Drive
90,Orsa,owhacket2h@cafepress.com,352-441-9594,Indonesia,5 Stang Place
91,Ernesto,emertin2i@google.cn,536-653-2658,Malta,81 Lukken Trail
92,Zonnya,zgoalby2j@sourceforge.net,422-418-1680,Indonesia,2 Little Fleur Avenue
93,Shirlee,skigelman2k@squarespace.com,817-139-3282,Poland,319 Merchant Road
94,Moishe,mmathelon2l@who.int,351-988-7219,China,8 Merrick Pass
95,Leon,lmapstone2m@opera.com,726-731-6747,Russia,63106 Melrose Court
96,Jsandye,jgronaller2n@list-manage.com,303-489-5299,Philippines,389 Melvin Hill
97,Edan,esaltwell2o@wikipedia.org,902-592-7230,Indonesia,38 Schiller Center
98,Virginie,vlehrmann2p@trellian.com,485-675-0690,China,2 Hazelcrest Street
99,Isadora,isimmill2q@t-online.de,222-491-5465,Colombia,09899 Arkansas Junction
100,Ines,ilinfitt2r@usatoday.com,864-742-7106,China,97130 Bowman Hill
